[{"name":"theme_info","theme_name":"MAISON de SABRE","theme_author":"Expose Media","theme_version":"1.0.0","theme_documentation_url":"https:\/\/expose.media","theme_support_url":"https:\/\/expose.media"},{"name":{"da":"Farver","de":"Farben","en":"Colors","es":"Colores","fi":"Värit","fr":"Couleurs","hi":"रंग","it":"Colori","ja":"色","ko":"색상","ms":"Warna","nb":"Farger","nl":"Kleuren","pt-BR":"Cores","pt-PT":"Cores","sv":"Färger","th":"สี","zh-CN":"颜色","zh-TW":"色彩"},"settings":[{"type":"header","content":{"da":"Tekst","de":"Text","en":"Text","es":"Texto","fi":"Teksti","fr":"Texte","hi":"टेक्स्ट","it":"Testo","ja":"テキスト","ko":"텍스트","ms":"Teks","nb":"Tekst","nl":"Tekst","pt-BR":"Texto","pt-PT":"Texto","sv":"Text","th":"ข้อความ","zh-CN":"文本","zh-TW":"文字"}},{"type":"color","id":"color_nav","label":"Navigation text and links","default":"#FFF"},{"type":"color","id":"color_text","label":{"da":"Overskrifter og links","de":"Titel und Links","en":"Headings and links","es":"Títulos y enlaces","fi":"Otsikot ja linkit","fr":"En-têtes et liens","hi":"शीर्षक और लिंक","it":"Titoli e link","ja":"見出しとリンク","ko":"제목 및 링크","ms":"Tajuk dan pautan","nb":"Overskrifter og koblinger","nl":"Koppen en links","pt-BR":"Títulos e links","pt-PT":"Títulos e ligações","sv":"Rubriker och länkar","th":"หัวเรื่องและลิงก์","zh-CN":"标题和链接","zh-TW":"標題和連結"},"default":"#3d4246"},{"type":"color","id":"color_body_text","label":{"da":"Brødtekst","de":"Body-Text","en":"Body text","es":"Texto del cuerpo","fi":"Leipäteksti","fr":"Corps du texte","hi":"मुख्य भाग","it":"Corpo del testo","ja":"本文","ko":"본문 텍스트","ms":"Teks badan","nb":"Brødtekst","nl":"Hoofdtekst","pt-BR":"Corpo do texto","pt-PT":"Corpo de texto","sv":"Brödtext","th":"ข้อความเนื้อหา","zh-CN":"正文文本","zh-TW":"內文"},"default":"#69727b"},{"type":"color","id":"color_sale_text","label":{"da":"Udsalgspris","de":"Verkaufspreis","en":"Sale price","es":"Precio de venta","fi":"Myyntihinta","fr":"Prix soldé","hi":"सेल की कीमत","it":"Prezzo di vendita","ja":"セール価格","ko":"판매 가격","ms":"Harga jualan","nb":"Salgspris","nl":"Aanbiedingsprijs","pt-BR":"Preço de venda","pt-PT":"Preço de saldo","sv":"Försäljningspris","th":"ราคาขาย","zh-CN":"销售价格","zh-TW":"售價"},"default":"#557B97"},{"type":"header","content":{"da":"Knapper","de":"Buttons","en":"Buttons","es":"Botones","fi":"Painikkeet","fr":"Boutons","hi":"बटन","it":"Pulsanti","ja":"ボタン","ko":"버튼","ms":"Butang","nb":"Knapper","nl":"Knoppen","pt-BR":"Botões","pt-PT":"Botões","sv":"Knappar","th":"ปุ่ม","zh-CN":"按钮","zh-TW":"按鈕"}},{"type":"color","id":"color_main_btn","label":"Main btn color","default":"#000"},{"type":"color","id":"color_main_btn_background","label":"Main btn background","default":"#fff"},{"type":"color","id":"color_button","label":{"da":"Primære knapper","de":"Primärtasten","en":"Primary buttons","es":"Botones primarios","fi":"Ensisijaiset painikkeet","fr":"Boutons primaires","hi":"प्राथमिक बटन","it":"Pulsanti primari","ja":"主なボタン","ko":"기본 버튼","ms":"Butang utama","nb":"Primærknapper","nl":"Primaire knoppen","pt-BR":"Botões primários","pt-PT":"Botões principais","sv":"Primära knappar","th":"ปุ่มหลัก","zh-CN":"主要按钮","zh-TW":"主要按鈕"},"default":"#557B97"},{"type":"color","id":"color_button_text","label":{"da":"Primære labels","de":"Primäre Etiketten","en":"Primary labels","es":"Etiquetas principales","fi":"Ensisijaiset tarrat","fr":"Étiquettes primaires","hi":"प्राथमिक लेबल","it":"Etichette primarie","ja":"一次ラベル","ko":"기본 레이블","ms":"Label utama","nb":"Primære etiketter","nl":"Primaire labels","pt-BR":"Rótulos primários","pt-PT":"Etiquetas principais","sv":"Primär etiketter","th":"ป้ายกำกับหลัก","zh-CN":"主要标签","zh-TW":"主要標籤"},"default":"#fff"},{"type":"color","id":"color_small_button_text_border","label":{"da":"Sekundære labels og kanter","de":"Sekundäre Labels und Grenzen","en":"Secondary labels and borders","es":"Etiquetas secundarias y bordes","fi":"Toissijaiset tarrat ja reunukset","fr":"Étiquettes secondaires et bordures","hi":"माध्यमिक लेबल और सीमाएं","it":"Etichette e bordi secondari","ja":"二次ラベルと罫線","ko":"보조 레이블 및 테두리","ms":"Label dan sempadan sekunder","nb":"Sekundære etiketter og rammer","nl":"Secundaire labels en randen","pt-BR":"Rótulos e bordas secundárias","pt-PT":"Limites e etiquetas secundárias","sv":"Sekundära etiketter och gränser","th":"ป้ายกำกับรองและขอบ","zh-CN":"次要标签和边框","zh-TW":"次要標籤和邊框"},"default":"#3d4246"},{"type":"header","content":"Product Colors"},{"type":"color","id":"swatch1","label":"Pomegranate Red","default":"#bf1e2e"},{"type":"color","id":"swatch2","label":"Mercury Grey","default":"#c5c5c5"},{"type":"color","id":"swatch3","label":"Saharan Nude","default":"#fccd9e"},{"type":"color","id":"swatch4","label":"Walnut Brown","default":"#603912"},{"type":"color","id":"swatch5","label":"Pink Lily","default":"#d788ac"},{"type":"color","id":"swatch6","label":"Matcha Green","default":"#c1dc99"},{"type":"color","id":"swatch7","label":"Emerald Green","default":"#056839"},{"type":"color","id":"swatch8","label":"Black Caviar","default":"#000000"},{"type":"color","id":"swatch9","label":"Ivory White","default":"#dedede"},{"type":"color","id":"swatch10","label":"Lapis Blue","default":"#231e68"},{"type":"color","id":"swatch11","label":"Canary Yellow","default":"#fdc415"},{"type":"color","id":"swatch12","label":"Neon Rose","default":"#f62f60"},{"type":"color","id":"swatch13","label":"Acid Orange","default":"#fa7037"},{"type":"color","id":"swatch14","label":"Electric Blue","default":"#0978ac"},{"type":"color","id":"swatch15","label":"Vino Red","default":"#494D56"},{"type":"color","id":"swatch16","label":"Sky Blue","default":"#74AAD2"},{"type":"color","id":"swatch17","label":"Moss Green","default":"#4E5239"},{"type":"color","id":"swatch18","label":"Coral Pink","default":"#DE6A68"},{"type":"color","id":"swatch19","label":"Sandstone Brown","default":"#9e6943"},{"type":"color","id":"swatch20","label":"SHIBUYA FUCSIA","default":"#d3264c"},{"type":"color","id":"swatch21","label":"MANHATTAN ORANGE","default":"#c6542f"},{"type":"color","id":"swatch22","label":"BONDI BLUE","default":"#547d83"},{"type":"color","id":"swatch24","label":"Lavender Purple","default":"#B8AECE"},{"type":"color","id":"swatch27","label":"Dusk Lilac","default":"#8493D8"},{"type":"color","id":"swatch28","label":"Sunshine Yellow","default":"#EFD47B"},{"type":"image_picker","id":"swatch23","label":"Mym Edition"},{"type":"image_picker","id":"swatch25","label":"Olympic Edition"},{"type":"image_picker","id":"swatch30","label":"Disney mickey"},{"type":"image_picker","id":"swatch31","label":"Disney donald"},{"type":"image_picker","id":"swatch32","label":"Disney goofy"},{"type":"image_picker","id":"swatch33","label":"Disney daisy"},{"type":"image_picker","id":"swatch34","label":"Disney pluto"},{"type":"image_picker","id":"swatch35","label":"Disney minnie"},{"type":"header","content":"Tag Colors"},{"type":"color","id":"tag_new","label":"New Tag","default":"#000000"},{"type":"color","id":"tag_best","label":"Best Seller Tag","default":"#F56300"},{"type":"color","id":"tag_sale","label":"Sale Tag","default":"#E43A36"},{"type":"header","content":{"da":"Formularfelter","de":"Formularfelder","en":"Form fields","es":"Campos de formulario","fi":"Lomakekentät","fr":"Champs de formulaire","hi":"फ़ॉर्म फ़ील्ड्स","it":"Campi modulo","ja":"フォームフィールド","ko":"양식 필드","ms":"Medan borang","nb":"Skjemafelt","nl":"Formuliervelden","pt-BR":"Campos de formulário","pt-PT":"Campos de formulário","sv":"Formulärfält","th":"ช่องข้อมูลของแบบฟอร์ม","zh-CN":"表单字段","zh-TW":"表單欄位"}},{"type":"color","id":"color_text_field_text","label":{"da":"Tekst","de":"Text","en":"Text","es":"Texto","fi":"Teksti","fr":"Texte","hi":"टेक्स्ट","it":"Testo","ja":"テキスト","ko":"텍스트","ms":"Teks","nb":"Tekst","nl":"Tekst","pt-BR":"Texto","pt-PT":"Texto","sv":"Text","th":"ข้อความ","zh-CN":"文本","zh-TW":"文字"},"default":"#000"},{"type":"color","id":"color_text_field_border","label":{"da":"Kanter","de":"Grenzen","en":"Borders","es":"Bordes","fi":"Reunukset","fr":"Bordures","hi":"बॉर्डर","it":"Bordi","ja":"境界線","ko":"테두리","ms":"Sempadan","nb":"Rammer","nl":"Grenzen","pt-BR":"Bordas","pt-PT":"Limites","sv":"Gränser","th":"ขอบ","zh-CN":"边框","zh-TW":"邊框"},"default":"#949494"},{"type":"color","id":"color_text_field","label":{"da":"Baggrund","de":"Hintergrundfarbe","en":"Background","es":"Fondo","fi":"Tausta","fr":"Couleur de fond","hi":"पृष्ठभूमि","it":"Sfondo","ja":"背景","ko":"배경","ms":"Latar belakang","nb":"Bakgrunn","nl":"Achtergrond","pt-BR":"Plano de fundo","pt-PT":"Fundo","sv":"Bakgrund","th":"พื้นหลัง","zh-CN":"背景","zh-TW":"背景"},"default":"#fff"},{"type":"header","content":{"da":"Overlejring af billeder","de":"Text auf Fotos","en":"Image overlays","es":"Incrustaciones de imágenes","fi":"Kuvan peitto","fr":"Superposition d'image","hi":"इमेज ओवरले","it":"Sovrapposizioni di immagine","ja":"画像のオーバーレイ","ko":"이미지 오버레이","ms":"Tindanan imej","nb":"Bildeoverlegg","nl":"Beeld-overlays","pt-BR":"Sobreposições de imagens","pt-PT":"Sobreposições de imagens","sv":"Bildöverlagring","th":"การวางซ้อนรูปภาพ","zh-CN":"图片叠加","zh-TW":"圖片疊加層"}},{"type":"color","id":"color_image_overlay_text","label":{"da":"Tekst","de":"Textfarbe","en":"Text","es":"Texto","fi":"Teksti","fr":"Couleur du texte","hi":"टेक्स्ट","it":"Testo","ja":"テキスト","ko":"텍스트","ms":"Teks","nb":"Tekst","nl":"Tekst","pt-BR":"Texto","pt-PT":"Texto","sv":"Text","th":"ข้อความ","zh-CN":"文本","zh-TW":"文字"},"default":"#fff"},{"type":"color","id":"color_image_overlay","label":{"da":"Baggrund","de":"Hintergrundfarbe","en":"Background","es":"Fondo","fi":"Tausta","fr":"Couleur de fond","hi":"पृष्ठभूमि","it":"Sfondo","ja":"背景","ko":"배경","ms":"Latar belakang","nb":"Bakgrunn","nl":"Achtergrond","pt-BR":"Plano de fundo","pt-PT":"Fundo","sv":"Bakgrund","th":"พื้นหลัง","zh-CN":"背景","zh-TW":"背景"},"default":"#3d4246"},{"type":"range","id":"image_overlay_opacity","label":{"da":"Uigennemsigtighed","de":"Opazität","en":"Opacity","es":"Opacidad","fi":"Sameus","fr":"Opacité","hi":"अस्पष्टता","it":"Opacità","ja":"不透過率","ko":"불투명도","ms":"Kelegapan","nb":"Gjennomsiktighet","nl":"Doorschijnendheid","pt-BR":"Opacidade","pt-PT":"Opacidade","sv":"Opacitet","th":"ความทึบ","zh-CN":"不透明度","zh-TW":"透明度"},"min":0,"max":100,"step":1,"unit":{"da":"%","de":"%","en":"%","es":"%","fi":"%","fr":"%","hi":"%","it":"%","ja":"%","ko":"%","ms":"%","nb":"%","nl":"%","pt-BR":"%","pt-PT":"%","sv":"%","th":"%","zh-CN":"%","zh-TW":"%"},"default":40},{"type":"header","content":{"da":"Side","de":"Seite","en":"Page","es":"Página","fi":"Sivu","fr":"Page","hi":"पेज","it":"Pagina","ja":"ページ","ko":"페이지","ms":"Halaman","nb":"Side","nl":"Pagina","pt-BR":"Página","pt-PT":"Página","sv":"Sida","th":"หน้า","zh-CN":"页面","zh-TW":"頁面"}},{"type":"color","id":"color_borders","label":{"da":"Kanter og beskæringer","de":"Rahmen und Linien","en":"Borders and lines","es":"Bordes y líneas","fi":"Rajat ja viivat","fr":"Bordures et lignes","hi":"बॉर्डर और लाइन","it":"Bordi e linee","ja":"罫線と線","ko":"테두리 및 라인","ms":"Sempadan dan garisan","nb":"Border og linjer","nl":"Randen en lijnen","pt-BR":"Bordas e linhas","pt-PT":"Limites e linhas","sv":"Gränser och linjer","th":"เส้นขอบและบรรทัด","zh-CN":"边框和线条","zh-TW":"邊框和線條"},"default":"#e8e9eb"},{"type":"color","id":"color_body_bg","label":{"da":"Baggrund","de":"Hintergrundfarbe","en":"Background","es":"Fondo","fi":"Tausta","fr":"Couleur de fond","hi":"पृष्ठभूमि","it":"Sfondo","ja":"背景","ko":"배경","ms":"Latar belakang","nb":"Bakgrunn","nl":"Achtergrond","pt-BR":"Plano de fundo","pt-PT":"Fundo","sv":"Bakgrund","th":"พื้นหลัง","zh-CN":"背景","zh-TW":"背景"},"default":"#fff"}]},{"name":{"da":"Typografi","de":"Typographie","en":"Typography","es":"Tipografía","fi":"Typografia","fr":"Typographie","hi":"Typography","it":"Caratteri tipografici","ja":"文字体裁","ko":"입력 체계","ms":"Tipografi","nb":"Typografi","nl":"Typografie","pt-BR":"Tipografia","pt-PT":"Tipografia","sv":"Typografi","th":"ตัวพิมพ์","zh-CN":"版式","zh-TW":"印刷樣式"},"settings":[{"type":"header","content":{"da":"Overskrifter og knapper","de":"Titel und Buttons","en":"Headings and buttons","es":"Títulos y botones","fi":"Otsikot ja painikkeet","fr":"En-têtes et boutons","hi":"हेडिंग और बटन","it":"Titoli e pulsanti","ja":"見出しとボタン","ko":"제목 및 버튼","ms":"Tajuk dan butang","nb":"Overskrifter og knapper","nl":"Koppen en knoppen","pt-BR":"Títulos e botões","pt-PT":"Títulos e botões","sv":"Rubriker och knappar","th":"หัวเรื่องและปุ่ม","zh-CN":"标题和按钮","zh-TW":"標題和按鈕"}},{"type":"font_picker","id":"type_header_font","label":{"da":"Skrifttype","de":"Schriftart","en":"Font","es":"Fuente","fi":"Fontti","fr":"Police","hi":"फ़ॉन्ट","it":"Font","ja":"フォント","ko":"글꼴","ms":"Fon","nb":"Skrifttype","nl":"Lettertype","pt-BR":"Fonte","pt-PT":"Tipo de letra","sv":"Typsnitt","th":"แบบอักษร","zh-CN":"字体","zh-TW":"字型"},"default":"work_sans_n6"},{"type":"range","id":"type_header_base_size","label":{"da":"Basisstørrelse for overskrift","de":"Titelgröße","en":"Heading base size","es":"Tamaño base de título","fi":"Otsikon peruskoko","fr":"Dimensions de base de l'en-tête","hi":"शीर्षक के आधार का आकार","it":"Dimensione base del titolo","ja":"見出しの基本サイズ","ko":"제목 기본 크기","ms":"Saiz asas tajuk","nb":"Grunnstørrelse for overskrift","nl":"Afmeting kopbasis","pt-BR":"Tamanho básico do título","pt-PT":"Tamanho básico do título","sv":"Rubrik basstorlek","th":"ขนาดพื้นฐานของหัวเรื่อง","zh-CN":"标题基本尺寸","zh-TW":"標題基本尺寸"},"default":26,"min":20,"max":36,"step":1,"unit":{"da":"px","de":"px","en":"px","es":"px","fi":"px","fr":"px","hi":"px","it":"px","ja":"px","ko":"px","ms":"px","nb":"px","nl":"px","pt-BR":"px","pt-PT":"px","sv":"px","th":"px","zh-CN":"px","zh-TW":"像素"}},{"type":"header","content":{"da":"Brødtekst","de":"Body-Text","en":"Body text","es":"Texto del cuerpo","fi":"Leipäteksti","fr":"Corps du texte","hi":"मुख्य भाग","it":"Corpo del testo","ja":"本文","ko":"본문 텍스트","ms":"Teks badan","nb":"Brødtekst","nl":"Hoofdtekst","pt-BR":"Corpo do texto","pt-PT":"Corpo de texto","sv":"Brödtext","th":"ข้อความเนื้อหา","zh-CN":"正文文本","zh-TW":"內文"}},{"type":"font_picker","id":"type_base_font","label":{"da":"Skrifttype","de":"Schriftart","en":"Font","es":"Fuente","fi":"Fontti","fr":"Police","hi":"फ़ॉन्ट","it":"Font","ja":"フォント","ko":"글꼴","ms":"Fon","nb":"Skrifttype","nl":"Lettertype","pt-BR":"Fonte","pt-PT":"Tipo de letra","sv":"Typsnitt","th":"แบบอักษร","zh-CN":"字体","zh-TW":"字型"},"default":"work_sans_n4"},{"type":"range","id":"type_base_size","label":{"da":"Basisstørrelse","de":"Größe","en":"Base size","es":"Tamaño de base","fi":"Peruskoko","fr":"Dimensions de base","hi":"मूल आकार","it":"Dimensione base","ja":"基本サイズ","ko":"기본 사이즈","ms":"Saiz asas","nb":"Grunnstørrelse","nl":"Basisafmeting","pt-BR":"Tamanho básico","pt-PT":"Tamanho básico","sv":"Basstorlek","th":"ขนาดพื้นฐาน","zh-CN":"基本尺寸","zh-TW":"基本尺寸"},"default":16,"min":14,"max":20,"step":1,"unit":{"da":"px","de":"px","en":"px","es":"px","fi":"px","fr":"px","hi":"px","it":"px","ja":"px","ko":"px","ms":"px","nb":"px","nl":"px","pt-BR":"px","pt-PT":"px","sv":"px","th":"px","zh-CN":"px","zh-TW":"像素"}},{"type":"checkbox","id":"type_bold_product_titles","label":{"da":"Produkttitler med fed","de":"Produkttitel in fett","en":"Bold product titles","es":"Títulos de productos en negrita","fi":"Lihavoidut tuotenimet","fr":"Titres de produits en gras","hi":"बोल्ड उत्पाद शीर्षक","it":"Titoli dei prodotti in grassetto","ja":"太字の商品名","ko":"제품 제목 굵게하기","ms":"Tebalkan tajuk produk","nb":"Produkttitler i fet skrift","nl":"Vetgedrukte producttitels","pt-BR":"Títulos de produtos em negrito","pt-PT":"Títulos de produtos em negrito","sv":"Fetstilta produkttitlar","th":"ชื่อสินค้าที่เป็นตัวหนา","zh-CN":"产品标题加粗","zh-TW":"粗體標示產品名稱"}}]},{"name":{"da":"Sociale medier","de":"Social Media","en":"Social media","es":"Redes sociales","fi":"Sosiaalinen media","fr":"Médias sociaux","hi":"सोशल मीडिया","it":"Social media","ja":"SNS","ko":"소셜 미디어","ms":"Media sosial","nb":"Sosiale medier","nl":"Sociale media","pt-BR":"Redes sociais","pt-PT":"Redes sociais","sv":"Sociala medier","th":"โซเชียลมีเดีย","zh-CN":"社交媒体","zh-TW":"社交媒體"},"settings":[{"type":"header","content":{"da":"Billede til deling på sociale medier","de":"Social-Media-Button","en":"Social sharing image","es":"Imagen de redes sociales","fi":"Sosiaalisen median jakamiskuva","fr":"Image de partage social","hi":"सोशल शेयरिंग इमेज","it":"Immagine per condivisione social","ja":"SNSでシェアする画像","ko":"소셜 공유 이미지","ms":"Imej perkongsian sosial","nb":"Bilde for deling på sosiale medier","nl":"Afbeelding voor delen via social media.","pt-BR":"Imagem de compartilhamento social","pt-PT":"Imagem de partilha nas redes sociais","sv":"Bild för social delning","th":"รูปภาพสำหรับแชร์ลงโซเชียล","zh-CN":"社交分享图片","zh-TW":"社群分享圖示"}},{"type":"image_picker","id":"share_image","label":{"da":"Billede","de":"Foto","en":"Image","es":"Imagen","fi":"Kuva","fr":"Image","hi":"इमेज","it":"Immagine","ja":"画像","ko":"이미지","ms":"Imej","nb":"Bilde","nl":"Afbeelding","pt-BR":"Imagem","pt-PT":"Imagem","sv":"Bild","th":"รูปภาพ","zh-CN":"图片","zh-TW":"圖片"},"info":{"da":"Vis ved deling af link på sociale medier. [Få mere at vide](https:\/\/help.shopify.com\/manual\/using-themes\/troubleshooting\/showing-social-media-thumbnail-images\/) om miniminiaturebilleder.","de":"Wird gezeigt, wenn ein Link sozial geteilt wird. [Mehr erfahren](https:\/\/help.shopify.com\/manual\/using-themes\/troubleshooting\/showing-social-media-thumbnail-images\/)","en":"Shown when sharing a link on social media. [Learn more](https:\/\/help.shopify.com\/manual\/using-themes\/troubleshooting\/showing-social-media-thumbnail-images\/) about image thumbnails.","es":"Aparece cuando se comparte un enlace en una red social. [Más información](https:\/\/help.shopify.com\/manual\/using-themes\/troubleshooting\/showing-social-media-thumbnail-images\/) acerca de las miniaturas","fi":"Näkyy, kun jaat linkin sosiaaliseen mediaan. [Lisätietoja](https:\/\/help.shopify.com\/manual\/using-themes\/troubleshooting\/showing-social-media-thumbnail-images\/) tietoa pikkukuvista.","fr":"Affichée lors du partage d'un lien sur les réseaux sociaux. [En savoir plus](https:\/\/help.shopify.com\/manual\/using-themes\/troubleshooting\/showing-social-media-thumbnail-images\/).","hi":"सोशल मीडिया पर लिंक शेयर करते समय दिखाना. [अधिक जानें](https:\/\/help.shopify.com\/manual\/using-themes\/troubleshooting\/showing-social-media-thumbnail-images\/) इमेज थंबनेल के बारे","it":"Mostrata quando si condivide un link sui social media. [Maggiori informazioni](https:\/\/help.shopify.com\/manual\/using-themes\/troubleshooting\/showing-social-media-thumbnail-images\/) sulle immagini di anteprima.","ja":"SNSでリンクがシェアされると表示されます。[詳細情報](https:\/\/help.shopify.com\/manual\/using-themes\/troubleshooting\/showing-social-media-thumbnail-images\/)画像のサムネイルについては、上のリンクを参照してください。","ko":"소셜 미디어에서 링크 공유 시 표시 [자세히 보기](https:\/\/help.shopify.com\/manual\/using-themes\/troubleshooting\/showing-social-media-thumbnail-images\/) 이미지 썸네일에 대해","ms":"Ditunjukkan apabila berkongsi pautan di media sosial. [Ketahui lebih lanjut](https:\/\/help.shopify.com\/manual\/using-themes\/troubleshooting\/showing-social-media-thumbnail-images\/) tentang imej kecil imej.","nb":"Vist når en kobling deles i sosiale medier. [Finn ut mer](https:\/\/help.shopify.com\/manual\/using-themes\/troubleshooting\/showing-social-media-thumbnail-images\/) om miniatyrbilder.","nl":"Wordt weergegeven wanneer u een link deelt via social media. [Meer informatie](https:\/\/help.shopify.com\/manual\/using-themes\/troubleshooting\/showing-social-media-thumbnail-images\/) over miniatuurafbeeldingen.","pt-BR":"Apresentada ao compartilhar um link nas redes sociais. [Saiba mais](https:\/\/help.shopify.com\/manual\/using-themes\/troubleshooting\/showing-social-media-thumbnail-images\/) sobre miniaturas de imagens.","pt-PT":"Apresentada ao partilhar uma ligação nas redes sociais. [Saiba mais](https:\/\/help.shopify.com\/manual\/using-themes\/troubleshooting\/showing-social-media-thumbnail-images\/) sobre miniaturas de imagem.","sv":"Visas när du delar en länk på sociala medier. [Läs mer](https:\/\/help.shopify.com\/manual\/using-themes\/troubleshooting\/showing-social-media-thumbnail-images\/) om miniatyrbilder.","th":"แสดงเมื่อแชร์ลิงก์บนโซเชียลมีเดีย [ดูข้อมูลเพิ่มเติม](https:\/\/help.shopify.com\/manual\/using-themes\/troubleshooting\/showing-social-media-thumbnail-images\/) เกี่ยวกับรูปภาพขนาดย่อ","zh-CN":"在社交媒体上分享链接时显示。[了解有关图片缩略图的详细信息](https:\/\/help.shopify.com\/manual\/using-themes\/troubleshooting\/showing-social-media-thumbnail-images\/)。","zh-TW":"在社群媒體上分享連結時顯示。[深入瞭解](https:\/\/help.shopify.com\/manual\/using-themes\/troubleshooting\/showing-social-media-thumbnail-images\/)圖片縮圖的相關資訊。"}},{"type":"header","content":{"da":"Muligheder for deling på sociale medier","de":"Teilen auf Social Media","en":"Social sharing options","es":"Opciones para compartir en redes sociales","fi":"Sosiaalisen median jakamisvaihtoehdot","fr":"Options de partage sur les médias sociaux","hi":"सोशल शेयरिंग के विकल्प","it":"Opzioni di condivisione sui social","ja":"SNSシェアのオプション","ko":"소셜 공유 옵션","ms":"Opsyen perkongsian sosial","nb":"Knapper for deling på sosiale medier","nl":"Opties voor sociaal delen","pt-BR":"Opções de compartilhamento social","pt-PT":"Opções de partilha em redes sociais","sv":"Alternativ för delning i sociala medier","th":"ตัวเลือกการแชร์ไปยังโซเชียลมีเดีย","zh-CN":"社交分享选项","zh-TW":"社群分享選項"}},{"type":"checkbox","id":"share_facebook","label":{"da":"Del på Facebook","de":"Teilen auf Facebook","en":"Share on Facebook","es":"Compartir en Facebook","fi":"Jaa Facebookissa","fr":"Partager sur Facebook","hi":"Facebook पर साझा करें","it":"Condividi su Facebook","ja":"Facebookでシェアする","ko":"Facebook에서 공유","ms":"Kongsi di Facebook","nb":"Del på Facebook","nl":"Delen op Facebook","pt-BR":"Compartilhar no Facebook","pt-PT":"Partilhe no Facebook","sv":"Dela på Facebook","th":"แชร์บน Facebook","zh-CN":"在 Facebook 上共享","zh-TW":"分享至 Facebook"},"default":true},{"type":"checkbox","id":"share_twitter","label":{"da":"Tweet på Twitter","de":"Tweet auf Twitter","en":"Tweet on Twitter","es":"Tuitear en Twitter","fi":"Twiittaa Twitterissä","fr":"Tweeter sur Twitter","hi":"Twitter पर ट्वीट करें","it":"Twitta su Twitter","ja":"Twitterに投稿する","ko":"Twitter에서 트윗 작성","ms":"Tweet di Twitter","nb":"Tweet på Twitter","nl":"Twitteren op Twitter","pt-BR":"Tuitar","pt-PT":"Tuíte no Twitter","sv":"Twittra på Twitter","th":"ทวีตบน Twitter","zh-CN":"在 Twitter 上发推文","zh-TW":"在 Twitter 上發佈推文"},"default":true},{"type":"checkbox","id":"share_pinterest","label":{"da":"Pin på Pinterest","de":"Pin auf Pinterest","en":"Pin on Pinterest","es":"Pinear en Pinterest","fi":"Pinnaa Pinterestissä","fr":"Épingler sur Pinterest","hi":"Pinterest पर पिन करें","it":"Pinna su Pinterest","ja":"Pinterestでピンする","ko":"Pinterest에 고정하기","ms":"Pin di Pinterest","nb":"Pin på Pinterest","nl":"Pinnen op Pinterest","pt-BR":"Pin no Pinterest","pt-PT":"Adicione no Pinterest","sv":"Spara en pin på Pinterest","th":"ปักหมุดบน Pinterest","zh-CN":"固定在 Pinterest 上","zh-TW":"加入 Pinterest"},"default":true},{"type":"header","content":{"da":"Konti på sociale medier","de":"Social Media","en":"Social accounts","es":"Cuentas de redes sociales","fi":"Sosiaalisen median tilit","fr":"Médias sociaux","hi":"सोशल खाते","it":"Account social","ja":"SNSアカウント","ko":"소셜 계정","ms":"Akaun sosial","nb":"Sosiale kontoer","nl":"Social media-accounts","pt-BR":"Contas em redes sociais","pt-PT":"Contas de redes sociais","sv":"Sociala konton","th":"บัญชีโซเชียลมีเดีย","zh-CN":"社媒帐户","zh-TW":"社群帳號"}},{"type":"text","id":"social_twitter_link","label":{"da":"Twitter","de":"Twitter","en":"Twitter","es":"Twitter","fi":"Twitter","fr":"Twitter","hi":"Twitter","it":"Twitter","ja":"Twitter","ko":"Twitter","ms":"Twitter","nb":"Twitter","nl":"Twitter","pt-BR":"Twitter","pt-PT":"Twitter","sv":"Twitter","th":"Twitter","zh-CN":"Twitter","zh-TW":"Twitter"},"info":{"da":"https:\/\/twitter.com\/shopify","de":"https:\/\/twitter.com\/shopify","en":"https:\/\/twitter.com\/shopify","es":"https:\/\/twitter.com\/shopify","fi":"https:\/\/twitter.com\/shopify","fr":"https:\/\/twitter.com\/shopify","hi":"https:\/\/twitter.com\/shopify","it":"https:\/\/twitter.com\/shopify","ja":"https:\/\/twitter.com\/shopify","ko":"https:\/\/twitter.com\/shopify","ms":"https:\/\/twitter.com\/shopify","nb":"https:\/\/twitter.com\/shopify","nl":"https:\/\/twitter.com\/shopify","pt-BR":"https:\/\/twitter.com\/shopify","pt-PT":"https:\/\/twitter.com\/shopify","sv":"https:\/\/twitter.com\/shopify","th":"https:\/\/twitter.com\/shopify","zh-CN":"https:\/\/twitter.com\/shopify","zh-TW":"https:\/\/twitter.com\/shopify"}},{"type":"text","id":"social_facebook_link","label":{"da":"Facebook","de":"Facebook","en":"Facebook","es":"Facebook","fi":"Facebook","fr":"Facebook","hi":"Facebook","it":"Facebook","ja":"Facebook","ko":"Facebook","ms":"Facebook","nb":"Facebook","nl":"Facebook","pt-BR":"Facebook","pt-PT":"Facebook","sv":"Facebook","th":"Facebook","zh-CN":"Facebook","zh-TW":"Facebook"},"info":{"da":"https:\/\/facebook.com\/shopify","de":"https:\/\/facebook.com\/shopify","en":"https:\/\/facebook.com\/shopify","es":"https:\/\/www.facebook.com\/ShopifyES\/","fi":"https:\/\/facebook.com\/shopify","fr":"https:\/\/facebook.com\/shopify","hi":"https:\/\/facebook.com\/shopify","it":"https:\/\/facebook.com\/shopify","ja":"https:\/\/facebook.com\/shopify","ko":"https:\/\/facebook.com\/shopify","ms":"https:\/\/facebook.com\/shopify","nb":"https:\/\/facebook.com\/shopify","nl":"https:\/\/facebook.com\/shopify","pt-BR":"https:\/\/facebook.com\/shopify","pt-PT":"https:\/\/facebook.com\/shopify","sv":"https:\/\/www.facebook.com\/shopify","th":"https:\/\/facebook.com\/shopify","zh-CN":"https:\/\/facebook.com\/shopify","zh-TW":"https:\/\/facebook.com\/shopify"}},{"type":"text","id":"social_pinterest_link","label":{"da":"Pinterest","de":"Pinterest","en":"Pinterest","es":"Pinterest","fi":"Pinterest","fr":"Pinterest","hi":"Pinterest","it":"Pinterest","ja":"Pinterest","ko":"Pinterest","ms":"Pinterest","nb":"Pinterest","nl":"Pinterest","pt-BR":"Pinterest","pt-PT":"Pinterest","sv":"Pinterest","th":"Pinterest","zh-CN":"Pinterest","zh-TW":"Pinterest"},"info":{"da":"https:\/\/pinterest.com\/shopify","de":"https:\/\/pinterest.com\/shopify","en":"https:\/\/pinterest.com\/shopify","es":"https:\/\/pinterest.com\/shopify","fi":"https:\/\/facebook.com\/shopify","fr":"https:\/\/pinterest.com\/shopify","hi":"https:\/\/pinterest.com\/shopify","it":"https:\/\/pinterest.com\/shopify","ja":"https:\/\/pinterest.com\/shopify","ko":"https:\/\/pinterest.com\/shopify","ms":"https:\/\/pinterest.com\/shopify","nb":"https:\/\/pinterest.com\/shopify","nl":"https:\/\/pinterest.com\/shopify","pt-BR":"https:\/\/pinterest.com\/shopify","pt-PT":"https:\/\/pinterest.com\/shopify","sv":"https:\/\/www.pinterest.com\/shopify","th":"https:\/\/pinterest.com\/shopify","zh-CN":"https:\/\/pinterest.com\/shopify","zh-TW":"https:\/\/pinterest.com\/shopify"}},{"type":"text","id":"social_instagram_link","label":{"da":"Instagram","de":"Instagram","en":"Instagram","es":"Instagram","fi":"Instagram","fr":"Instagram","hi":"Instagram","it":"Instagram","ja":"Instagram","ko":"Instagram","ms":"Instagram","nb":"Instagram","nl":"Instagram","pt-BR":"Instagram","pt-PT":"Instagram","sv":"Instagram","th":"Instagram","zh-CN":"Instagram","zh-TW":"Instagram"},"info":{"da":"http:\/\/instagram.com\/shopify","de":"http:\/\/instagram.com\/shopify","en":"http:\/\/instagram.com\/shopify","es":"http:\/\/instagram.com\/shopify","fi":"https:\/\/instagram.com\/shopify","fr":"http:\/\/instagram.com\/shopify","hi":"http:\/\/instagram.com\/shopify","it":"http:\/\/instagram.com\/shopify","ja":"http:\/\/instagram.com\/shopify","ko":"http:\/\/instagram.com\/shopify","ms":"http:\/\/instagram.com\/shopify","nb":"http:\/\/instagram.com\/shopify","nl":"http:\/\/instagram.com\/shopify","pt-BR":"http:\/\/instagram.com\/shopify","pt-PT":"http:\/\/instagram.com\/shopify","sv":"https:\/\/instagram.com\/shopify","th":"http:\/\/instagram.com\/shopify","zh-CN":"http:\/\/instagram.com\/shopify","zh-TW":"http:\/\/instagram.com\/shopify"}},{"type":"text","id":"social_tumblr_link","label":{"da":"Tumblr","de":"Tumblr","en":"Tumblr","es":"Tumblr","fi":"Tumblr","fr":"Tumblr","hi":"Tumblr","it":"Tumblr","ja":"Tumblr","ko":"Tumblr","ms":"Tumblr","nb":"Tumblr","nl":"Tumblr","pt-BR":"Tumblr","pt-PT":"Tumblr","sv":"Tumblr","th":"Tumblr","zh-CN":"Tumblr","zh-TW":"Tumblr"},"info":{"da":"http:\/\/shopify.tumblr.com","de":"http:\/\/shopify.tumblr.com","en":"http:\/\/shopify.tumblr.com","es":"http:\/\/shopify.tumblr.com","fi":"http:\/\/shopify.tumblr.com","fr":"http:\/\/shopify.tumblr.com","hi":"http:\/\/shopify.tumblr.com","it":"http:\/\/shopify.tumblr.com","ja":"http:\/\/shopify.tumblr.com","ko":"http:\/\/shopify.tumblr.com","ms":"http:\/\/shopify.tumblr.com","nb":"http:\/\/shopify.tumblr.com","nl":"http:\/\/shopify.tumblr.com","pt-BR":"http:\/\/shopify.tumblr.com","pt-PT":"http:\/\/shopify.tumblr.com","sv":"http:\/\/shopify.tumblr.com","th":"http:\/\/shopify.tumblr.com","zh-CN":"http:\/\/shopify.tumblr.com","zh-TW":"http:\/\/shopify.tumblr.com"}},{"type":"text","id":"social_snapchat_link","label":{"da":"Snapchat","de":"Snapchat","en":"Snapchat","es":"Snapchat","fi":"Snapchat","fr":"Snapchat","hi":"Snapchat","it":"Snapchat","ja":"Snapchat","ko":"Snapchat","ms":"Snapchat","nb":"Snapchat","nl":"Snapchat","pt-BR":"Snapchat","pt-PT":"Snapchat","sv":"Snapchat","th":"Snapchat","zh-CN":"Snapchat","zh-TW":"Snapchat"},"info":{"da":"https:\/\/www.snapchat.com\/add\/shopify","de":"https:\/\/www.snapchat.com\/add\/shopify","en":"https:\/\/www.snapchat.com\/add\/shopify","es":"https:\/\/www.snapchat.com\/add\/shopify","fi":"https:\/\/www.snapchat.com\/add\/shopify","fr":"https:\/\/www.snapchat.com\/add\/shopify","hi":"https:\/\/www.snapchat.com\/add\/shopify","it":"https:\/\/www.snapchat.com\/add\/shopify","ja":"https:\/\/www.snapchat.com\/add\/shopify","ko":"https:\/\/www.snapchat.com\/add\/shopify","ms":"https:\/\/www.snapchat.com\/add\/shopify","nb":"https:\/\/snapchat.com\/add\/shopify","nl":"https:\/\/www.snapchat.com\/add\/shopify","pt-BR":"https:\/\/www.snapchat.com\/add\/shopify","pt-PT":"https:\/\/www.snapchat.com\/add\/shopify","sv":"https:\/\/www.snapchat.com\/add\/shopify","th":"https:\/\/www.snapchat.com\/add\/shopify","zh-CN":"https:\/\/www.snapchat.com\/add\/shopify","zh-TW":"https:\/\/www.snapchat.com\/add\/shopify"}},{"type":"text","id":"social_youtube_link","label":{"da":"YouTube","de":"YouTube","en":"YouTube","es":"Youtube","fi":"YouTube","fr":"YouTube","hi":"YouTube","it":"YouTube","ja":"YouTube","ko":"YouTube","ms":"YouTube","nb":"YouTube","nl":"YouTube","pt-BR":"YouTube","pt-PT":"YouTube","sv":"YouTube","th":"YouTube","zh-CN":"YouTube","zh-TW":"YouTube"},"info":{"da":"https:\/\/www.youtube.com\/shopify","de":"https:\/\/www.youtube.com\/shopify","en":"https:\/\/www.youtube.com\/shopify","es":"https:\/\/www.youtube.com\/shopify","fi":"https:\/\/facebook.com\/shopify","fr":"https:\/\/www.youtube.com\/shopify","hi":"https:\/\/www.youtube.com\/shopify","it":"https:\/\/www.youtube.com\/shopify","ja":"https:\/\/www.youtube.com\/shopify","ko":"https:\/\/www.youtube.com\/shopify","ms":"https:\/\/www.youtube.com\/shopify","nb":"https:\/\/www.youtube.com\/shopify","nl":"https:\/\/www.youtube.com\/shopify","pt-BR":"https:\/\/www.youtube.com\/shopify","pt-PT":"https:\/\/www.youtube.com\/shopify","sv":"https:\/\/www.youtube.com\/user\/shopify","th":"https:\/\/www.youtube.com\/shopify","zh-CN":"https:\/\/www.youtube.com\/shopify","zh-TW":"https:\/\/www.youtube.com\/shopify"}},{"type":"text","id":"social_vimeo_link","label":{"da":"Vimeo","de":"Vimeo","en":"Vimeo","es":"Vimeo","fi":"Vimeo","fr":"Vimeo","hi":"Vimeo","it":"Vimeo","ja":"Vimeo","ko":"Vimeo","ms":"Vimeo","nb":"Vimeo","nl":"Vimeo","pt-BR":"Vimeo","pt-PT":"Vimeo","sv":"Vimeo","th":"Vimeo","zh-CN":"Vimeo","zh-TW":"Vimeo"},"info":{"da":"https:\/\/vimeo.com\/shopify","de":"https:\/\/vimeo.com\/shopify","en":"https:\/\/vimeo.com\/shopify","es":"https:\/\/vimeo.com\/shopify","fi":"https:\/\/vimeo.com\/shopify","fr":"https:\/\/vimeo.com\/shopify","hi":"https:\/\/vimeo.com\/shopify","it":"https:\/\/vimeo.com\/shopify","ja":"https:\/\/vimeo.com\/shopify","ko":"https:\/\/vimeo.com\/shopify","ms":"https:\/\/vimeo.com\/shopify","nb":"https:\/\/vimeo.com\/shopify","nl":"https:\/\/vimeo.com\/shopify","pt-BR":"https:\/\/vimeo.com\/shopify","pt-PT":"https:\/\/vimeo.com\/shopify","sv":"https:\/\/vimeo.com\/shopify","th":"https:\/\/vimeo.com\/shopify","zh-CN":"https:\/\/vimeo.com\/shopify","zh-TW":"https:\/\/vimeo.com\/shopify"}}]},{"name":{"da":"Favicon","de":"Favicon","en":"Favicon","es":"Favicon","fi":"Favicon","fr":"Favicon","hi":"Favicon","it":"Favicon","ja":"ファビコン","ko":"Favicon","ms":"Favicon","nb":"Favicon","nl":"Favicon","pt-BR":"Favicon","pt-PT":"Favicon","sv":"Favicon","th":"Favicon","zh-CN":"网站图标","zh-TW":"Favicon"},"settings":[{"type":"image_picker","id":"favicon","label":{"da":"Favicon-billede","de":"Favicon-Foto","en":"Favicon image","es":"Imagen de favicon","fi":"Favicon-kuva","fr":"Image favicon","hi":"favicon इमेज","it":"Immagine favicon","ja":"ファビコン画像","ko":"파비콘 이미지","ms":"Imej favicon","nb":"Favicon-bilde","nl":"Favicon-afbeelding","pt-BR":"Imagem favicon","pt-PT":"Imagem Favicon","sv":"Favicon-bild","th":"รูปภาพ Favicon","zh-CN":"网站图标图片","zh-TW":"Favicon 圖片"},"info":{"da":"Skaleres ned til 32 x 32 px","de":"Wird in der Größe 32 x 32 px angezeigt","en":"Will be scaled down to 32 x 32px","es":"Se reducirá a 32 x 32px","fi":"Skaalataan 32 x 32 pikseliin","fr":"L'image sera réduite à 32 x 32 px","hi":"32 x 32 पिक्सेल के आकार का कर दिया जाएगा","it":"Verrà ridimensionata a 32 x 32 pixel.","ja":"32×32ピクセルに縮小されます。","ko":"32x32 픽셀로 축소됩니다.","ms":"Akan dikecilkan kepada 32 x 32px","nb":"Vil skaleres ned til 32 x 32 px","nl":"Wordt verkleind tot 32x32 pixels","pt-BR":"será reduzida para 32 x 32 pixels","pt-PT":"Será reduzida para 32 x 32 px","sv":"Kommer skalas ned till 32 x 32 px","th":"จะถูกลดขนาดลงเป็น 32 x 32 พิกเซล","zh-CN":"将缩小到 32 x 32px","zh-TW":"將會縮小為 32 x 32 像素"}}]},{"name":"Announcement bar","settings":[{"type":"checkbox","id":"announcement_message","label":"Show announcement","default":false},{"type":"text","id":"announcement_message_text","label":"Text","default":"Free shipping when you spend $100 or more."},{"type":"text","id":"announcement_link","label":"Link","default":"Link"},{"type":"text","id":"announcement_btntext","label":"Link","default":"See All Deals"},{"type":"text","id":"announcement_message_text2","label":"Text 2","default":"AirPods Cases are back in stock."},{"type":"text","id":"announcement_link2","label":"Link 2","default":"Link 2"},{"type":"color","id":"announcement_color_bg","label":"Bar","default":"#000000"},{"type":"color","id":"announcement_color_text","label":"Text","default":"#ffffff"},{"type":"checkbox","id":"announcement_timer","label":"Show timer","default":false},{"type":"text","id":"announcement_year","label":"Year","default":"2019"},{"type":"text","id":"announcement_month","label":"Month","default":"12"},{"type":"text","id":"announcement_day","label":"Day","default":"25"},{"type":"text","id":"announcement_hour","label":"Hour","default":"19"},{"type":"text","id":"announcement_minute","label":"Minute","default":"00"}]},{"name":"COVID Announcement bar","settings":[{"type":"checkbox","id":"covid_bar","label":"Show COVID announcement","default":true},{"type":"header","content":"COVID Bar"},{"type":"text","id":"covid_bar_text","label":"Bar Text","default":"COVID 19"},{"type":"color","id":"covid_color_bg","label":"Background Colour","default":"#e6e6e6"},{"type":"color","id":"covid_color_text","label":"Text Colour","default":"#37c9fe"},{"type":"header","content":"COVID Popup"},{"type":"text","id":"covid_heading","label":"Heading","default":"Shipping and COVID-19"},{"type":"richtext","id":"covid_line_1","label":"Line 1","default":"<p>We are currently delivering to <strong>all<\/strong> regions<\/p>"},{"type":"richtext","id":"covid_line_2","label":"Line 2","default":"<p>Please use residential addresses only. Deliveries to business addresses may not be completed.<\/p>"},{"type":"richtext","id":"covid_line_3","label":"Line 3","default":"<p>Please allow for shipping delays to regions that are currently impacted by Government Lockdowns<\/p>"},{"type":"url","id":"covid_link_url","label":"Link URL"},{"type":"text","id":"covid_link_text","label":"Link Text","default":"Learn More"},{"type":"text","id":"covid_ok","label":"OK Button Text","default":"Ok"}]},{"name":"Location Redirect","settings":[{"type":"checkbox","id":"redirect_use","label":"Use Redirect?"},{"type":"checkbox","id":"redirect_force","label":"Force Redirect?"},{"type":"text","id":"redirect_1","label":"Redirect 1"},{"type":"text","id":"redirect_2","label":"Redirect 2"},{"type":"text","id":"redirect_3","label":"Redirect 3"},{"type":"text","id":"redirect_4","label":"Redirect 4"},{"type":"text","id":"redirect_5","label":"Redirect 5"},{"type":"text","id":"redirect_6","label":"Redirect 6"},{"type":"text","id":"redirect_7","label":"Redirect 7"},{"type":"text","id":"redirect_8","label":"Redirect 8"},{"type":"text","id":"redirect_9","label":"Redirect 9"},{"type":"text","id":"redirect_10","label":"Redirect 10"},{"type":"text","id":"redirect_catch_all_countries","label":"Redirect Catch All"},{"type":"text","id":"redirect_catch_all_url","label":"Redirect Catch All URL"},{"type":"text","id":"redirect_catch_all_name","label":"Redirect Catch All Store Name"},{"type":"text","id":"redirect_from_message","label":"Redirect You're in Message"},{"type":"text","id":"redirect_to_message","label":"Redirect To Message"},{"type":"text","id":"redirect_approve","label":"Approve Message"},{"type":"text","id":"redirect_decline","label":"Decline Message"},{"type":"color","id":"redirect_bg_color","label":"Background Color"},{"type":"color","id":"redirect_color","label":"Text Color"},{"type":"color","id":"redirect_link_color","label":"Link Color"},{"type":"color","id":"redirect_link_hover_color","label":"Link Hover Color"}]},{"name":"FAQ General Settings","settings":[{"type":"color","id":"Faq_question_background","label":"Background Color of Questions","default":"#ffffff"}]},{"name":"Pre-Order","settings":[{"type":"richtext","id":"preorder_main_heading","label":"Text"},{"type":"richtext","id":"preorder_main_heading_airpods","label":"Airpods Text"},{"type":"text","id":"preorder_heading","label":"PopUp Heading"},{"type":"richtext","id":"preorder_line_1","label":"Line 1","default":"<p>The item that you have selected is being hand-crafted for you. We expect production to be completed on 6 July.<\/p>"},{"type":"richtext","id":"preorder_line_2","label":"Line 2","default":"<p>Your order will dispatch within 1-2 business days once production is complete.<\/p>"},{"type":"richtext","id":"preorder_line_3","label":"Line 3","default":"<p>These dates are estimates only. We will notify you of any changes in expected delivery.<\/p>"},{"type":"richtext","id":"preorder_line_4","label":"Line 4","default":"<p>Free express shipping is complimentary for all pre-orders.<\/p>"},{"type":"richtext","id":"preorder_line_5","label":"Line 5","default":"<p>Free express shipping is complimentary for all pre-orders.<\/p>"},{"type":"richtext","id":"preorder_line_6","label":"Line 6","default":"<p>Free express shipping is complimentary for all pre-orders.<\/p>"},{"type":"text","id":"preorder_btn_text","label":"Button Text","default":"ok"}]},{"name":"AfterPay","settings":[{"type":"text","id":"afterpay_main_heading","label":"Text"},{"type":"richtext","id":"afterpay_description","label":"Description","default":"<p>Your order will dispatch within 1-2 business days once production is complete.<\/p>"},{"type":"url","id":"afterpay_link","label":"Link"},{"type":"text","id":"afterpay_btn_text","label":"Button Text","default":"ok"}]},{"name":"Font Settings","settings":[{"type":"text","id":"xl_text","label":"Extra Large Text","default":"24.8"},{"type":"text","id":"lg_text","label":"Large Text","default":"20.8"},{"type":"text","id":"md_text","label":"Medium Text","default":"16"},{"type":"text","id":"sm_text","label":"Small Text (paragraph)","default":"14"},{"type":"text","id":"cart_text","label":"Cart Text","default":"13"}]},{"name":"Cart Drawer","settings":[{"type":"text","id":"free_shipping_threshold_text","label":"Free Shipping Threshold"},{"type":"text","id":"min_free_shipping_threshold","label":"Min Free Shipping"},{"type":"text","id":"unlocked-Free-shipping","label":"Unlocked Free Shipping Text"},{"type":"checkbox","id":"showgiftproduct","label":"Hide or Show the gift Card Product","default":true},{"type":"product","id":"gift-product","label":"Select Product"}]},{"name":"Checkout Information message","settings":[{"type":"checkbox","id":"show_checkout_message","label":"Show Messages","default":true},{"type":"image_picker","id":"checkout_message_image1","label":"Image 1"},{"type":"text","id":"checkout_message_heading1","label":"Heading 1","default":"Free shipping"},{"type":"richtext","id":"checkout_message_text1","label":"Text 1","default":"<p>Free shipping when you spend $100 or more.<\/p>"},{"type":"image_picker","id":"checkout_message_image2","label":"Image 2"},{"type":"text","id":"checkout_message_heading2","label":"Heading 2","default":"Free shipping"},{"type":"richtext","id":"checkout_message_text2","label":"Text 2","default":"<p>AirPods Cases are back in stock.<\/p>"},{"type":"image_picker","id":"checkout_message_image3","label":"Image 3"},{"type":"text","id":"checkout_message_heading3","label":"Text 3","default":"Free shipping"},{"type":"richtext","id":"checkout_message_text3","label":"Text 3","default":"<p>AirPods Cases are back in stock.<\/p>"}]},{"name":"PDP Badge","settings":[{"type":"text","id":"badge_name","label":"Badge Name","default":"Bondi Blue"},{"type":"image_picker","id":"badge_img","label":"Badge Image"}]}]